date,product_A_inventory,product_B_inventory,product_C_inventory
2020-01-01,66,46,86
2020-01-02,69,50,87
2020-01-03,84,66,100
2020-01-04,90,72,104
2020-01-05,86,69,98
2020-01-06,87,70,98
2020-01-07,87,71,98
2020-01-08,83,67,93
2020-01-09,94,78,104
2020-01-10,87,71,97
2020-01-11,80,64,92
2020-01-12,90,73,103
2020-01-13,79,62,94
2020-01-14,79,60,95
2020-01-15,72,53,90
2020-01-16,76,56,97
2020-01-17,63,42,85
2020-01-18,60,39,85
2020-01-19,61,39,88
2020-01-20,51,27,78
2020-01-21,47,23,76
2020-01-22,53,29,82
2020-01-23,47,23,77
2020-01-24,54,30,85
2020-01-25,54,29,83
2020-01-26,58,35,87
2020-01-27,58,35,86
2020-01-28,61,39,88
2020-01-29,67,45,91
2020-01-30,73,52,95
2020-01-31,67,46,87
2020-02-01,72,52,90
2020-02-02,85,66,102
2020-02-03,84,66,98
2020-02-04,86,69,99
2020-02-05,91,74,103
2020-02-06,91,75,102
2020-02-07,83,67,94
2020-02-08,95,79,106
2020-02-09,88,72,99
2020-02-10,88,71,99
2020-02-11,89,71,102
2020-02-12,74,56,89
2020-02-13,77,58,93
2020-02-14,77,58,96
2020-02-15,75,54,95
2020-02-16,63,41,85
2020-02-17,71,49,96
2020-02-18,60,37,87
2020-02-19,56,33,84
2020-02-20,56,32,85
2020-02-21,55,30,85
2020-02-22,51,26,81
2020-02-23,60,36,91
2020-02-24,51,26,81
2020-02-25,56,32,85
2020-02-26,64,40,92
2020-02-27,61,38,87
2020-02-28,67,44,92
2020-02-29,70,49,93
2020-03-01,67,46,87
2020-03-02,81,61,100
2020-03-03,77,58,94
2020-03-04,82,64,97
2020-03-05,85,67,99
2020-03-06,101,84,113
2020-03-07,94,77,105
2020-03-08,90,73,101
2020-03-09,107,90,118
2020-03-10,105,87,116
2020-03-11,84,67,97
2020-03-12,95,77,109
2020-03-13,74,56,89
2020-03-14,81,62,98
2020-03-15,73,53,92
2020-03-16,76,56,97
2020-03-17,71,50,94
2020-03-18,62,39,87
2020-03-19,57,33,84
2020-03-20,60,36,88
2020-03-21,46,21,75
2020-03-22,58,33,88
2020-03-23,53,28,84
2020-03-24,49,24,80
2020-03-25,56,31,87
2020-03-26,53,28,82
2020-03-27,59,35,88
2020-03-28,65,42,93
2020-03-29,61,38,86
2020-03-30,75,53,98
2020-03-31,73,52,94
2020-04-01,78,58,97
2020-04-02,84,65,101
2020-04-03,92,73,107
2020-04-04,86,68,100
2020-04-05,90,72,102
2020-04-06,98,80,110
2020-04-07,96,78,107
2020-04-08,97,80,109
2020-04-09,96,78,107
2020-04-10,95,77,108
2020-04-11,86,68,100
2020-04-12,79,60,94
2020-04-13,81,61,98
2020-04-14,93,73,113
2020-04-15,83,61,104
2020-04-16,66,43,89
2020-04-17,72,49,97
2020-04-18,61,37,88
2020-04-19,65,40,94
2020-04-20,59,35,90
2020-04-21,62,37,93
2020-04-22,64,39,95
2020-04-23,54,29,86
2020-04-24,54,29,85
2020-04-25,64,39,94
2020-04-26,63,39,92
2020-04-27,67,44,95
2020-04-28,70,47,96
2020-04-29,74,52,98
2020-04-30,75,53,97
2020-05-01,76,55,96
2020-05-02,84,64,102
2020-05-03,87,67,102
2020-05-04,97,78,111
2020-05-05,88,70,101
2020-05-06,91,73,103
2020-05-07,99,81,111
2020-05-08,98,80,110
2020-05-09,89,71,101
2020-05-10,97,79,111
2020-05-11,88,69,102
2020-05-12,78,58,93
2020-05-13,84,64,102
2020-05-14,88,67,108
2020-05-15,79,57,101
2020-05-16,80,57,104
2020-05-17,66,43,92
2020-05-18,70,46,98
2020-05-19,62,37,91
2020-05-20,57,32,88
2020-05-21,58,32,89
2020-05-22,61,35,92
2020-05-23,63,37,94
2020-05-24,61,35,92
2020-05-25,53,27,83
2020-05-26,70,46,100
2020-05-27,60,36,88
2020-05-28,69,45,95
2020-05-29,67,44,91
2020-05-30,79,57,101
2020-05-31,73,52,93
2020-06-01,95,74,113
2020-06-02,90,71,106
2020-06-03,95,76,109
2020-06-04,98,80,112
2020-06-05,92,74,105
2020-06-06,102,84,114
2020-06-07,99,81,111
2020-06-08,97,79,110
2020-06-09,99,80,112
2020-06-10,95,76,109
2020-06-11,90,71,107
2020-06-12,90,69,108
2020-06-13,93,72,114
2020-06-14,85,63,108
2020-06-15,67,44,91
2020-06-16,72,48,98
2020-06-17,69,44,97
2020-06-18,66,40,95
2020-06-19,61,35,92
2020-06-20,62,36,94
2020-06-21,69,43,101
2020-06-22,57,30,89
2020-06-23,68,42,100
2020-06-24,64,38,95
2020-06-25,62,37,92
2020-06-26,68,43,96
2020-06-27,65,41,92
2020-06-28,77,54,101
2020-06-29,94,72,117
2020-06-30,89,67,109
2020-07-01,90,69,108
2020-07-02,99,79,116
2020-07-03,101,82,116
2020-07-04,98,79,112
2020-07-05,101,82,114
2020-07-06,103,84,115
2020-07-07,94,75,106
2020-07-08,103,84,116
2020-07-09,100,81,113
2020-07-10,102,83,117
2020-07-11,93,72,109
2020-07-12,86,65,104
2020-07-13,78,57,99
2020-07-14,83,60,105
2020-07-15,81,57,105
2020-07-16,69,45,96
2020-07-17,68,43,97
2020-07-18,69,44,99
2020-07-19,69,43,100
2020-07-20,67,41,99
2020-07-21,68,41,100
2020-07-22,66,40,99
2020-07-23,66,39,98
2020-07-24,66,40,97
2020-07-25,73,47,103
2020-07-26,72,47,101
2020-07-27,71,47,98
2020-07-28,80,56,105
2020-07-29,81,58,103
2020-07-30,83,61,104
2020-07-31,93,72,112
2020-08-01,96,76,113
2020-08-02,101,81,116
2020-08-03,100,81,115
2020-08-04,100,81,113
2020-08-05,109,90,122
2020-08-06,103,84,116
2020-08-07,103,84,117
2020-08-08,101,82,116
2020-08-09,101,81,117
2020-08-10,102,81,119
2020-08-11,95,74,114
2020-08-12,83,61,104
2020-08-13,80,57,103
2020-08-14,90,67,115
2020-08-15,71,47,98
2020-08-16,82,57,111
2020-08-17,75,49,105
2020-08-18,64,37,95
2020-08-19,68,41,100
2020-08-20,72,45,105
2020-08-21,64,37,97
2020-08-22,65,38,98
2020-08-23,79,52,110
2020-08-24,62,36,93
2020-08-25,81,56,110
2020-08-26,75,50,102
2020-08-27,86,62,111
2020-08-28,88,64,111
2020-08-29,94,71,115
2020-08-30,95,73,114
2020-08-31,100,79,117
2020-09-01,110,90,126
2020-09-02,102,82,116
2020-09-03,107,87,121
2020-09-04,108,89,121
2020-09-05,111,92,125
2020-09-06,109,89,123
2020-09-07,102,82,116
2020-09-08,99,79,115
2020-09-09,96,75,114
2020-09-10,94,72,113
2020-09-11,92,69,113
2020-09-12,92,69,115
2020-09-13,82,58,108
2020-09-14,76,51,103
2020-09-15,81,55,110
2020-09-16,72,46,103
2020-09-17,66,39,98
2020-09-18,72,45,105
2020-09-19,71,43,104
2020-09-20,61,33,94
2020-09-21,69,42,102
2020-09-22,77,50,109
2020-09-23,73,47,104
2020-09-24,81,55,110
2020-09-25,70,45,98
2020-09-26,82,58,108
2020-09-27,88,65,112
2020-09-28,91,69,113
2020-09-29,96,74,116
2020-09-30,100,79,118
2020-10-01,105,84,121
2020-10-02,105,85,120
2020-10-03,97,77,111
2020-10-04,106,87,120
2020-10-05,107,87,121
2020-10-06,98,78,112
2020-10-07,112,91,127
2020-10-08,112,91,128
2020-10-09,97,75,115
2020-10-10,99,77,118
2020-10-11,95,72,116
2020-10-12,90,67,114
2020-10-13,77,53,103
2020-10-14,79,54,107
2020-10-15,77,51,107
2020-10-16,79,52,110
2020-10-17,66,39,98
2020-10-18,78,50,111
2020-10-19,64,36,98
2020-10-20,68,40,102
2020-10-21,61,33,94
2020-10-22,76,48,108
2020-10-23,79,52,110
2020-10-24,83,57,113
2020-10-25,93,67,121
2020-10-26,83,58,109
2020-10-27,94,70,118
2020-10-28,102,79,124
2020-10-29,94,71,114
2020-10-30,105,83,123
2020-10-31,105,84,121
2020-11-01,107,86,122
2020-11-02,111,91,126
2020-11-03,110,90,124
2020-11-04,108,88,123
2020-11-05,108,88,123
2020-11-06,99,79,115
2020-11-07,112,91,129
2020-11-08,111,89,129
2020-11-09,102,80,122
2020-11-10,98,75,120
2020-11-11,93,69,117
2020-11-12,90,65,116
2020-11-13,84,58,112
2020-11-14,74,47,104
2020-11-15,77,50,109
2020-11-16,72,45,105
2020-11-17,65,37,99
2020-11-18,72,44,106
2020-11-19,71,43,105
2020-11-20,75,47,109
2020-11-21,74,47,107
2020-11-22,84,57,116
2020-11-23,76,49,106
2020-11-24,77,51,105
2020-11-25,87,62,113
2020-11-26,90,66,114
2020-11-27,97,74,119
2020-11-28,99,76,119
2020-11-29,107,85,125
2020-11-30,103,82,120
2020-12-01,108,87,124
2020-12-02,110,90,125
2020-12-03,110,89,124
2020-12-04,118,98,133
2020-12-05,106,85,121
2020-12-06,119,98,134
2020-12-07,105,84,122
2020-12-08,111,89,129
2020-12-09,103,80,123
2020-12-10,97,73,119
2020-12-11,96,71,120
2020-12-12,83,57,109
2020-12-13,87,61,116
2020-12-14,71,44,101
2020-12-15,70,42,102
2020-12-16,71,43,104
2020-12-17,74,46,108
2020-12-18,81,52,116
2020-12-19,78,49,112
2020-12-20,78,50,112
2020-12-21,75,47,108
2020-12-22,71,43,103
2020-12-23,87,60,118
2020-12-24,88,62,117
2020-12-25,92,67,119
2020-12-26,96,72,121
2020-12-27,100,76,123
2020-12-28,106,83,127
2020-12-29,106,83,125
2020-12-30,111,89,128
2020-12-31,119,98,135
2021-01-01,113,92,128
2021-01-02,116,95,131
2021-01-03,123,102,138
2021-01-04,112,91,127
2021-01-05,108,87,124
2021-01-06,104,82,121
2021-01-07,98,76,117
2021-01-08,101,78,122
2021-01-09,91,67,114
2021-01-10,104,79,129
2021-01-11,88,62,115
2021-01-12,89,63,118
2021-01-13,79,52,110
2021-01-14,79,51,111
2021-01-15,70,42,104
2021-01-16,70,42,105
2021-01-17,84,55,119
2021-01-18,84,55,119
2021-01-19,75,46,110
2021-01-20,78,50,112
2021-01-21,80,52,113
2021-01-22,86,59,117
2021-01-23,90,64,119
2021-01-24,82,57,110
2021-01-25,105,80,130
2021-01-26,102,78,125
2021-01-27,101,77,122
2021-01-28,97,74,116
2021-01-29,112,90,130
2021-01-30,108,87,125
2021-01-31,112,90,127
2021-02-01,118,97,134
2021-02-02,113,92,129
2021-02-03,111,90,127
2021-02-04,114,92,130
2021-02-05,104,81,121
2021-02-06,109,86,129
2021-02-07,107,83,128
2021-02-08,95,71,119
2021-02-09,90,65,116
2021-02-10,94,68,121
2021-02-11,84,57,113
2021-02-12,87,59,118
2021-02-13,81,52,113
2021-02-14,92,63,126
2021-02-15,76,47,111
2021-02-16,79,49,114
2021-02-17,74,45,109
2021-02-18,82,52,117
2021-02-19,82,53,116
2021-02-20,74,46,107
2021-02-21,97,69,129
2021-02-22,87,60,116
2021-02-23,93,66,120
2021-02-24,98,72,123
2021-02-25,99,74,123
2021-02-26,112,88,133
2021-02-27,113,90,132
2021-02-28,113,90,131
2021-03-01,122,100,139
2021-03-02,126,104,142
2021-03-03,125,104,141
2021-03-04,117,95,132
2021-03-05,120,98,136
2021-03-06,112,89,129
2021-03-07,112,89,130
2021-03-08,104,81,124
2021-03-09,100,75,121
2021-03-10,102,77,126
2021-03-11,103,77,129
2021-03-12,87,60,115
2021-03-13,90,63,120
2021-03-14,90,62,121
2021-03-15,81,52,114
2021-03-16,76,47,111
2021-03-17,77,48,112
2021-03-18,82,53,118
2021-03-19,85,55,121
2021-03-20,88,58,123
2021-03-21,77,48,112
2021-03-22,89,60,122
2021-03-23,84,56,116
2021-03-24,95,68,125
2021-03-25,93,67,121
2021-03-26,97,71,123
2021-03-27,105,80,129
2021-03-28,111,87,133
2021-03-29,113,89,133
2021-03-30,125,102,143
2021-03-31,116,93,133
2021-04-01,127,105,144
2021-04-02,122,100,138
2021-04-03,125,103,141
2021-04-04,125,103,141
2021-04-05,121,98,138
2021-04-06,110,87,129
2021-04-07,104,81,125
2021-04-08,109,85,131
2021-04-09,98,73,122
2021-04-10,104,78,131
2021-04-11,86,59,114
2021-04-12,87,60,117
2021-04-13,92,63,124
2021-04-14,82,53,116
2021-04-15,86,57,121
2021-04-16,87,57,123
2021-04-17,79,49,115
2021-04-18,77,47,113
2021-04-19,77,47,113
2021-04-20,81,52,116
2021-04-21,88,58,121
2021-04-22,94,65,126
2021-04-23,89,61,120
2021-04-24,106,79,134
2021-04-25,103,77,130
2021-04-26,117,91,141
2021-04-27,108,83,130
2021-04-28,117,93,137
2021-04-29,112,89,131
2021-04-30,115,92,132
2021-05-01,122,99,139
2021-05-02,119,97,135
2021-05-03,121,98,137
2021-05-04,115,93,132
2021-05-05,112,89,129
2021-05-06,122,98,141
2021-05-07,116,91,136
2021-05-08,109,84,131
2021-05-09,107,81,131
2021-05-10,94,67,120
2021-05-11,96,68,124
2021-05-12,105,77,136
2021-05-13,98,70,131
2021-05-14,83,54,117
2021-05-15,83,53,118
2021-05-16,83,52,119
2021-05-17,76,46,113
2021-05-18,85,55,122
2021-05-19,91,61,127
2021-05-20,74,44,110
2021-05-21,88,59,123
2021-05-22,92,63,125
2021-05-23,98,70,129
2021-05-24,91,63,119
2021-05-25,101,74,127
2021-05-26,109,83,133
2021-05-27,120,95,143
2021-05-28,118,94,139
2021-05-29,118,94,137
2021-05-30,124,100,142
2021-05-31,115,92,133
2021-06-01,122,99,139
2021-06-02,126,104,143
2021-06-03,133,110,150
2021-06-04,118,94,136
2021-06-05,123,99,142
2021-06-06,111,87,132
2021-06-07,120,95,143
2021-06-08,115,88,139
2021-06-09,100,73,127
2021-06-10,97,69,126
2021-06-11,95,67,126
2021-06-12,93,64,126
2021-06-13,84,54,119
2021-06-14,92,61,127
2021-06-15,92,61,128
2021-06-16,90,59,127
2021-06-17,82,51,119
2021-06-18,89,58,125
2021-06-19,88,58,124
2021-06-20,90,60,124
2021-06-21,98,69,131
2021-06-22,96,67,127
2021-06-23,105,77,134
2021-06-24,104,77,131
2021-06-25,106,80,131
2021-06-26,110,85,133
2021-06-27,116,91,137
2021-06-28,122,98,142
2021-06-29,122,98,140
2021-06-30,128,105,146
2021-07-01,128,105,145
2021-07-02,124,101,141
2021-07-03,121,97,138
2021-07-04,130,107,149
2021-07-05,130,106,150
2021-07-06,132,107,153
2021-07-07,115,90,139
2021-07-08,113,86,138
2021-07-09,109,82,137
2021-07-10,106,78,135
2021-07-11,101,72,132
2021-07-12,88,59,121
2021-07-13,90,60,125
2021-07-14,86,56,122
2021-07-15,81,50,118
2021-07-16,89,57,126
2021-07-17,84,52,121
2021-07-18,83,52,120
2021-07-19,83,52,119
2021-07-20,82,52,117
2021-07-21,93,63,126
2021-07-22,96,67,127
2021-07-23,104,76,134
2021-07-24,109,82,137
2021-07-25,106,79,131
2021-07-26,110,84,133
2021-07-27,120,95,142
2021-07-28,123,98,143
2021-07-29,123,99,142
2021-07-30,134,110,152
2021-07-31,127,103,145
2021-08-01,121,98,139
2021-08-02,117,93,135
2021-08-03,122,98,141
2021-08-04,129,105,150
2021-08-05,119,94,141
2021-08-06,119,93,143
2021-08-07,108,81,133
2021-08-08,116,88,143
2021-08-09,112,84,142
2021-08-10,98,69,130
2021-08-11,102,71,135
2021-08-12,100,70,136
2021-08-13,91,60,127
2021-08-14,97,66,134
2021-08-15,88,56,126
2021-08-16,93,61,131
2021-08-17,88,56,125
2021-08-18,86,55,122
2021-08-19,98,67,133
2021-08-20,95,65,129
2021-08-21,105,75,137
2021-08-22,103,75,133
2021-08-23,112,85,140
2021-08-24,106,79,132
2021-08-25,121,95,145
2021-08-26,127,101,149
2021-08-27,120,95,140
2021-08-28,127,102,146
2021-08-29,130,106,149
2021-08-30,128,104,146
2021-08-31,128,105,147
2021-09-01,124,100,143
2021-09-02,131,106,150
2021-09-03,121,96,142
2021-09-04,133,108,156
2021-09-05,125,99,149
2021-09-06,121,93,147
2021-09-07,115,87,143
2021-09-08,104,75,135
2021-09-09,92,62,124
2021-09-10,98,67,132
2021-09-11,92,61,128
2021-09-12,93,61,130
2021-09-13,90,58,128
2021-09-14,82,50,120
2021-09-15,89,57,127
2021-09-16,102,70,140
2021-09-17,101,69,138
2021-09-18,109,78,145
2021-09-19,95,65,129
2021-09-20,97,67,129
2021-09-21,102,73,132
2021-09-22,113,85,141
2021-09-23,105,78,131
2021-09-24,123,96,147
2021-09-25,114,89,137
2021-09-26,118,92,139
2021-09-27,137,112,157
2021-09-28,132,107,150
2021-09-29,133,109,151
2021-09-30,128,104,147
2021-10-01,135,111,154
2021-10-02,136,111,156
2021-10-03,120,95,141
2021-10-04,124,98,146
2021-10-05,120,93,144
2021-10-06,116,88,142
2021-10-07,119,90,147
2021-10-08,116,86,146
2021-10-09,105,74,137
2021-10-10,100,69,134
2021-10-11,95,63,131
2021-10-12,95,63,132
2021-10-13,100,68,138
2021-10-14,83,50,121
2021-10-15,92,59,130
2021-10-16,97,65,135
2021-10-17,106,74,143
2021-10-18,102,70,138
2021-10-19,101,70,136
2021-10-20,108,77,140
2021-10-21,109,80,140
2021-10-22,115,86,143
2021-10-23,118,90,144
2021-10-24,122,95,146
2021-10-25,125,99,148
2021-10-26,126,100,147
2021-10-27,135,110,155
2021-10-28,138,113,157
2021-10-29,129,104,148
2021-10-30,125,100,144
2021-10-31,131,106,150
2021-11-01,125,100,145
2021-11-02,132,106,154
2021-11-03,131,105,154
2021-11-04,115,88,140
2021-11-05,115,87,142
2021-11-06,115,86,144
2021-11-07,111,82,142
2021-11-08,108,78,141
2021-11-09,109,77,143
2021-11-10,96,65,133
2021-11-11,91,58,128
2021-11-12,102,69,140
2021-11-13,95,62,134
2021-11-14,88,55,127
2021-11-15,94,62,133
2021-11-16,98,66,136
2021-11-17,102,70,138
2021-11-18,105,74,140
2021-11-19,113,83,146
2021-11-20,112,82,143
2021-11-21,115,86,144
2021-11-22,115,86,142
2021-11-23,120,93,145
2021-11-24,120,93,143
2021-11-25,140,114,161
2021-11-26,132,106,152
2021-11-27,137,111,156
2021-11-28,139,114,158
2021-11-29,141,115,160
2021-11-30,130,105,150
2021-12-01,133,108,154
2021-12-02,135,109,157
2021-12-03,132,105,155
2021-12-04,122,94,147
2021-12-05,114,86,141
2021-12-06,118,89,147
2021-12-07,109,79,140
2021-12-08,106,75,139
2021-12-09,120,88,155
2021-12-10,112,80,149
2021-12-11,104,71,141
2021-12-12,95,62,134
2021-12-13,97,64,137
2021-12-14,99,66,139
2021-12-15,91,58,130
2021-12-16,104,71,142
2021-12-17,107,75,144
2021-12-18,111,79,146
2021-12-19,113,82,146
2021-12-20,113,83,144
2021-12-21,119,90,149
2021-12-22,122,94,150
2021-12-23,123,95,148
2021-12-24,121,94,145
2021-12-25,132,106,154
2021-12-26,133,107,154
2021-12-27,142,117,162
2021-12-28,140,114,160
2021-12-29,147,122,167
2021-12-30,140,114,160
2021-12-31,135,109,156
2022-01-01,133,106,155
2022-01-02,128,101,152
2022-01-03,127,99,153
2022-01-04,130,101,158
2022-01-05,125,96,155
2022-01-06,110,80,142
2022-01-07,102,71,136
2022-01-08,107,75,143
2022-01-09,105,72,142
2022-01-10,103,70,141
2022-01-11,102,68,141
2022-01-12,94,60,134
2022-01-13,102,68,142
2022-01-14,97,64,136
2022-01-15,92,59,131
2022-01-16,101,68,138
2022-01-17,114,82,150
2022-01-18,118,87,152
2022-01-19,114,83,146
2022-01-20,126,97,156
2022-01-21,118,89,145
2022-01-22,126,98,152
2022-01-23,131,104,155
2022-01-24,130,103,152
2022-01-25,135,109,156
2022-01-26,144,118,164
2022-01-27,137,111,157
2022-01-28,143,117,163
2022-01-29,143,117,164
2022-01-30,139,112,160
2022-01-31,133,106,155
2022-02-01,136,108,160
2022-02-02,131,103,157
2022-02-03,115,86,143
2022-02-04,125,95,155
2022-02-05,114,83,146
2022-02-06,111,79,145
2022-02-07,116,83,152
2022-02-08,111,78,148
2022-02-09,104,71,143
2022-02-10,109,75,148
2022-02-11,100,66,140
2022-02-12,100,66,141
2022-02-13,103,69,142
2022-02-14,100,67,139
2022-02-15,106,73,144
2022-02-16,117,85,153
2022-02-17,109,77,143
2022-02-18,117,86,149
2022-02-19,119,89,149
2022-02-20,118,89,146
2022-02-21,134,105,160
2022-02-22,130,102,154
2022-02-23,145,117,167
2022-02-24,140,113,161
2022-02-25,143,116,163
2022-02-26,146,119,166
2022-02-27,138,112,159
2022-02-28,133,106,153
2022-03-01,138,111,160
2022-03-02,134,107,157
2022-03-03,127,99,152
2022-03-04,127,98,153
2022-03-05,126,96,154
2022-03-06,121,91,151
2022-03-07,116,85,149
2022-03-08,108,76,143
2022-03-09,104,71,140
2022-03-10,100,67,138
2022-03-11,105,71,144
2022-03-12,106,72,146
2022-03-13,101,66,141
2022-03-14,99,65,140
2022-03-15,95,61,135
2022-03-16,103,69,142
2022-03-17,113,80,151
2022-03-18,107,74,143
2022-03-19,110,78,145
2022-03-20,121,89,154
2022-03-21,116,86,147
2022-03-22,133,103,162
2022-03-23,127,98,153
2022-03-24,132,104,157
2022-03-25,143,115,166
2022-03-26,140,113,162
2022-03-27,142,116,164
2022-03-28,145,118,166
2022-03-29,146,120,167
2022-03-30,137,110,158
2022-03-31,142,115,164
2022-04-01,140,112,163
2022-04-02,134,106,159
2022-04-03,134,105,161
2022-04-04,124,94,152
2022-04-05,122,91,152
2022-04-06,112,80,145
2022-04-07,114,81,149
2022-04-08,118,85,155
2022-04-09,119,85,158
2022-04-10,108,74,148
2022-04-11,100,66,141
2022-04-12,104,69,145
2022-04-13,109,74,150
2022-04-14,108,73,148
2022-04-15,108,73,147
2022-04-16,109,75,148
2022-04-17,118,85,155
2022-04-18,120,87,155
2022-04-19,120,88,153
2022-04-20,121,90,152
2022-04-21,132,102,161
2022-04-22,139,110,166
2022-04-23,146,118,171
2022-04-24,139,111,163
2022-04-25,135,107,157
2022-04-26,143,116,164
2022-04-27,136,109,157
2022-04-28,152,125,173
2022-04-29,139,112,161
2022-04-30,140,112,163
2022-05-01,146,118,170
2022-05-02,133,104,158
2022-05-03,136,106,163
2022-05-04,128,97,157
2022-05-05,124,93,155
2022-05-06,126,94,159
2022-05-07,112,79,147
2022-05-08,118,84,155
2022-05-09,107,73,146
2022-05-10,100,65,139
2022-05-11,106,70,146
2022-05-12,109,74,150
2022-05-13,108,73,149
2022-05-14,112,76,152
2022-05-15,101,66,141
2022-05-16,105,71,144
2022-05-17,118,84,155
2022-05-18,119,86,154
2022-05-19,131,98,164
2022-05-20,129,98,161
2022-05-21,122,92,152
2022-05-22,136,106,164
2022-05-23,130,101,156
2022-05-24,146,118,170
2022-05-25,155,127,177
2022-05-26,146,118,168
2022-05-27,146,118,167
2022-05-28,155,128,177
2022-05-29,154,127,176
2022-05-30,149,121,172
2022-05-31,141,112,165
2022-06-01,146,117,171
2022-06-02,132,102,160
2022-06-03,138,107,167
2022-06-04,126,94,157
2022-06-05,123,91,157
2022-06-06,114,81,149
2022-06-07,113,79,150
2022-06-08,113,78,152
2022-06-09,112,77,153
2022-06-10,110,75,152
2022-06-11,108,72,150
2022-06-12,100,65,142
2022-06-13,109,74,151
2022-06-14,115,80,155
2022-06-15,108,73,147
2022-06-16,113,79,150
2022-06-17,124,91,160
2022-06-18,118,86,152
2022-06-19,133,101,165
2022-06-20,127,96,156
2022-06-21,134,104,162
2022-06-22,152,123,178
2022-06-23,150,121,174
2022-06-24,153,125,176
2022-06-25,158,130,181
2022-06-26,156,128,178
2022-06-27,151,123,173
2022-06-28,146,118,168
2022-06-29,139,110,162
2022-06-30,141,112,166
2022-07-01,142,113,168
2022-07-02,135,104,163
2022-07-03,139,108,169
2022-07-04,133,101,165
2022-07-05,134,101,168
2022-07-06,121,87,157
2022-07-07,122,88,160
2022-07-08,112,77,151
2022-07-09,109,74,150
2022-07-10,115,80,157
2022-07-11,109,73,151
2022-07-12,106,70,148
2022-07-13,105,69,147
2022-07-14,120,84,161
2022-07-15,113,77,152
2022-07-16,118,83,156
2022-07-17,129,95,165
2022-07-18,133,100,167
2022-07-19,130,98,162
2022-07-20,139,108,170
2022-07-21,140,110,168
2022-07-22,145,115,172
2022-07-23,154,125,179
2022-07-24,157,129,181
2022-07-25,140,112,163
2022-07-26,153,125,175
2022-07-27,155,126,177
2022-07-28,154,125,176
2022-07-29,153,124,176
2022-07-30,140,111,165
2022-07-31,142,112,169
2022-08-01,139,108,167
2022-08-02,134,103,165
2022-08-03,134,102,167
2022-08-04,127,94,162
2022-08-05,117,83,153
2022-08-06,116,82,155
2022-08-07,121,86,161
2022-08-08,114,78,155
2022-08-09,115,78,157
2022-08-10,112,76,154
2022-08-11,114,77,156
2022-08-12,112,76,154
2022-08-13,115,79,156
2022-08-14,117,81,157
2022-08-15,121,86,159
2022-08-16,123,88,159
2022-08-17,119,86,154
2022-08-18,132,99,165
2022-08-19,142,110,172
2022-08-20,142,111,170
2022-08-21,140,110,167
2022-08-22,143,113,168
2022-08-23,151,121,175
2022-08-24,150,122,174
2022-08-25,149,120,172
2022-08-26,149,120,172
2022-08-27,144,115,167
2022-08-28,146,117,170
2022-08-29,154,125,180
2022-08-30,143,113,170
2022-08-31,152,121,180
2022-09-01,132,100,162
2022-09-02,138,106,171
2022-09-03,128,94,163
2022-09-04,126,91,163
2022-09-05,118,83,157
2022-09-06,126,91,167
2022-09-07,120,84,161
2022-09-08,115,79,158
2022-09-09,115,78,158
2022-09-10,115,78,157
2022-09-11,108,71,151
2022-09-12,117,81,159
2022-09-13,111,75,151
2022-09-14,124,89,163
2022-09-15,129,94,166
2022-09-16,127,93,162
2022-09-17,132,99,165
2022-09-18,145,113,176
2022-09-19,142,110,170
2022-09-20,145,114,172
2022-09-21,157,126,182
2022-09-22,137,108,162
2022-09-23,160,131,183
2022-09-24,161,132,184
2022-09-25,156,127,179
2022-09-26,148,118,171
2022-09-27,152,122,176
2022-09-28,148,118,174
2022-09-29,145,114,172
2022-09-30,139,107,168
2022-10-01,137,105,168
2022-10-02,143,110,176
2022-10-03,132,98,168
2022-10-04,125,90,162
2022-10-05,129,93,168
2022-10-06,116,80,157
2022-10-07,116,79,158
2022-10-08,122,85,164
2022-10-09,112,74,155
2022-10-10,114,77,158
2022-10-11,116,79,158
2022-10-12,110,74,152
2022-10-13,120,84,161
2022-10-14,116,80,155
2022-10-15,127,92,165
2022-10-16,134,100,169
2022-10-17,135,101,168
2022-10-18,142,110,174
2022-10-19,146,115,176
2022-10-20,140,109,167
2022-10-21,148,118,174
2022-10-22,151,121,176
2022-10-23,156,126,180
2022-10-24,158,129,182
2022-10-25,149,119,172
2022-10-26,156,126,180
2022-10-27,163,133,188
2022-10-28,151,121,177
2022-10-29,146,115,173
2022-10-30,148,116,177
2022-10-31,131,98,162
2022-11-01,127,93,160
2022-11-02,134,99,169
2022-11-03,131,95,168
2022-11-04,124,88,163
2022-11-05,122,85,163
2022-11-06,116,79,158
2022-11-07,115,77,158
2022-11-08,125,87,168
2022-11-09,125,87,168
2022-11-10,119,82,162
2022-11-11,126,89,169
2022-11-12,123,86,164
2022-11-13,131,95,171
2022-11-14,131,96,169
2022-11-15,139,105,175
2022-11-16,148,114,182
2022-11-17,151,118,182
2022-11-18,154,122,184
2022-11-19,155,123,183
2022-11-20,162,131,188
2022-11-21,157,126,182
2022-11-22,152,122,176
2022-11-23,151,121,175
2022-11-24,156,126,180
2022-11-25,165,135,190
2022-11-26,160,129,185
2022-11-27,155,124,181
2022-11-28,145,113,173
2022-11-29,150,117,179
2022-11-30,145,112,177
2022-12-01,131,97,165
2022-12-02,140,105,176
2022-12-03,127,91,165
2022-12-04,125,89,165
2022-12-05,125,88,166
2022-12-06,120,83,163
2022-12-07,122,84,165
2022-12-08,122,84,166
2022-12-09,124,85,168
2022-12-10,113,75,156
2022-12-11,131,93,173
2022-12-12,126,89,167
2022-12-13,130,93,169
2022-12-14,142,107,181
2022-12-15,135,100,171
2022-12-16,144,110,178
2022-12-17,145,111,177
2022-12-18,153,121,183
2022-12-19,151,119,180
2022-12-20,164,132,190
2022-12-21,162,131,187
2022-12-22,167,136,192
2022-12-23,166,136,191
2022-12-24,159,129,184
2022-12-25,154,124,179
2022-12-26,160,129,185
2022-12-27,151,120,178
2022-12-28,160,128,189
2022-12-29,144,112,175
2022-12-30,154,120,186
2022-12-31,144,110,179
2023-01-01,129,94,166
2023-01-02,134,98,172
2023-01-03,135,98,175
2023-01-04,119,82,161
2023-01-05,121,83,164
2023-01-06,120,82,164
2023-01-07,115,77,160
2023-01-08,129,91,173
2023-01-09,123,84,167
2023-01-10,123,85,166
2023-01-11,132,95,174
2023-01-12,133,97,174
2023-01-13,133,97,171
2023-01-14,148,112,184
2023-01-15,152,118,187
2023-01-16,145,111,177
2023-01-17,157,124,187
2023-01-18,144,111,172
2023-01-19,154,123,182
2023-01-20,158,127,184
2023-01-21,161,130,186
2023-01-22,159,128,184
2023-01-23,166,135,191
2023-01-24,163,132,188
2023-01-25,165,133,191
2023-01-26,153,121,180
2023-01-27,161,128,189
2023-01-28,156,123,187
2023-01-29,151,117,184
2023-01-30,149,115,184
2023-01-31,145,110,182
2023-02-01,134,97,173
2023-02-02,133,96,174
2023-02-03,136,98,178
2023-02-04,121,83,165
2023-02-05,123,84,167
2023-02-06,130,91,174
2023-02-07,117,78,162
2023-02-08,127,88,171
2023-02-09,125,87,168
2023-02-10,125,87,167
2023-02-11,145,107,185
2023-02-12,143,106,182
2023-02-13,144,108,181
2023-02-14,144,109,179
2023-02-15,142,108,175
2023-02-16,153,120,184
2023-02-17,155,122,184
2023-02-18,164,132,192
2023-02-19,160,128,186
2023-02-20,167,136,192
2023-02-21,166,135,191
2023-02-22,169,138,194
2023-02-23,158,126,183
2023-02-24,169,137,195
2023-02-25,156,124,183
2023-02-26,154,121,183
2023-02-27,154,120,185
2023-02-28,145,111,178
2023-03-01,143,108,178
2023-03-02,136,100,174
2023-03-03,141,105,181
2023-03-04,132,94,173
2023-03-05,126,88,168
2023-03-06,130,92,174
2023-03-07,119,80,164
2023-03-08,133,94,178
2023-03-09,124,84,169
2023-03-10,135,96,180
2023-03-11,134,95,178
2023-03-12,124,85,166
2023-03-13,132,94,173
2023-03-14,137,101,177
2023-03-15,150,113,187
2023-03-16,142,106,177
2023-03-17,149,115,182
2023-03-18,156,123,188
2023-03-19,146,113,175
2023-03-20,165,133,193
2023-03-21,163,131,190
2023-03-22,169,137,194
2023-03-23,166,135,192
2023-03-24,171,140,197
2023-03-25,172,140,198
2023-03-26,173,141,200
2023-03-27,156,123,184
2023-03-28,159,126,189
2023-03-29,147,113,178
2023-03-30,157,123,191
2023-03-31,150,115,186
2023-04-01,145,109,183
2023-04-02,129,92,169
2023-04-03,133,95,174
2023-04-04,134,95,177
2023-04-05,127,88,171
2023-04-06,132,93,177
2023-04-07,125,86,171
2023-04-08,125,85,171
2023-04-09,132,93,178
2023-04-10,130,90,174
2023-04-11,129,91,172
2023-04-12,136,98,177
2023-04-13,147,109,187
2023-04-14,140,104,178
2023-04-15,153,117,188
2023-04-16,145,110,179
2023-04-17,154,119,185
2023-04-18,162,129,192
2023-04-19,165,133,194
2023-04-20,166,133,193
2023-04-21,166,134,192
2023-04-22,160,128,186
2023-04-23,180,148,206
2023-04-24,168,136,194
2023-04-25,167,135,195
2023-04-26,164,131,192
2023-04-27,156,122,186
2023-04-28,146,112,178
2023-04-29,154,119,188
2023-04-30,150,114,186
2023-05-01,153,116,191
2023-05-02,137,100,177
2023-05-03,143,104,184
2023-05-04,126,87,169
2023-05-05,131,92,176
2023-05-06,132,92,178
2023-05-07,126,86,172
2023-05-08,123,83,169
2023-05-09,138,98,184
2023-05-10,126,87,171
2023-05-11,135,96,178
2023-05-12,141,103,183
2023-05-13,148,110,188
2023-05-14,146,109,184
2023-05-15,152,116,189
2023-05-16,151,116,185
2023-05-17,169,134,201
2023-05-18,170,136,200
2023-05-19,167,133,195
2023-05-20,172,139,200
2023-05-21,167,134,194
2023-05-22,177,144,203
2023-05-23,170,138,196
2023-05-24,175,143,202
2023-05-25,171,139,199
2023-05-26,167,134,196
2023-05-27,152,118,183
2023-05-28,157,123,189
2023-05-29,157,122,192
2023-05-30,154,117,190
2023-05-31,149,112,188
2023-06-01,144,106,184
2023-06-02,135,97,178
2023-06-03,131,91,175
2023-06-04,136,96,181
2023-06-05,137,96,182
2023-06-06,131,91,177
2023-06-07,134,93,180
2023-06-08,137,96,183
2023-06-09,125,86,171
2023-06-10,140,101,184
2023-06-11,146,108,189
2023-06-12,142,104,182
2023-06-13,139,102,178
2023-06-14,154,117,190
2023-06-15,151,116,186
2023-06-16,173,138,206
2023-06-17,162,128,193
2023-06-18,171,138,200
2023-06-19,167,134,195
2023-06-20,178,145,205
2023-06-21,173,140,200
2023-06-22,182,149,209
2023-06-23,160,127,187
2023-06-24,168,135,196
2023-06-25,168,134,197
2023-06-26,169,135,200
2023-06-27,169,134,202
2023-06-28,157,121,192
2023-06-29,158,122,195
2023-06-30,155,118,194
2023-07-01,147,109,188
2023-07-02,133,94,176
2023-07-03,136,96,180
2023-07-04,135,95,180
2023-07-05,132,92,178
2023-07-06,138,97,185
2023-07-07,123,82,169
2023-07-08,130,89,176
2023-07-09,139,98,184
2023-07-10,141,101,185
2023-07-11,142,103,185
2023-07-12,142,104,183
2023-07-13,146,108,185
2023-07-14,149,112,186
2023-07-15,159,123,194
2023-07-16,165,130,198
2023-07-17,158,123,189
2023-07-18,177,143,206
2023-07-19,176,143,204
2023-07-20,174,141,202
2023-07-21,167,134,194
2023-07-22,178,145,205
2023-07-23,172,139,200
2023-07-24,172,139,201
2023-07-25,170,136,200
2023-07-26,172,137,203
2023-07-27,156,120,189
2023-07-28,172,136,207
2023-07-29,158,121,196
2023-07-30,148,110,187
2023-07-31,150,111,191
2023-08-01,140,101,183
2023-08-02,152,112,197
2023-08-03,152,112,198
2023-08-04,140,99,187
2023-08-05,133,91,180
2023-08-06,140,99,188
2023-08-07,140,99,187
2023-08-08,140,99,186
2023-08-09,140,100,184
2023-08-10,145,105,188
2023-08-11,146,107,187
2023-08-12,148,110,187
2023-08-13,160,123,197
2023-08-14,156,119,191
2023-08-15,172,137,206
2023-08-16,168,133,200
2023-08-17,162,127,191
2023-08-18,178,144,207
2023-08-19,172,138,199
2023-08-20,168,134,195
2023-08-21,181,147,208
2023-08-22,172,138,200
2023-08-23,173,139,202
2023-08-24,170,136,200
2023-08-25,171,136,203
2023-08-26,165,129,199
2023-08-27,166,129,201
2023-08-28,159,121,196
2023-08-29,150,112,190
2023-08-30,152,113,193
2023-08-31,145,106,189
2023-09-01,145,104,190
2023-09-02,143,102,189
2023-09-03,137,96,184
2023-09-04,138,97,186
2023-09-05,144,103,192
2023-09-06,132,91,180
2023-09-07,139,98,186
2023-09-08,142,102,188
2023-09-09,145,105,188
2023-09-10,155,115,196
2023-09-11,155,117,195
2023-09-12,157,119,195
2023-09-13,159,122,195
2023-09-14,162,126,195
2023-09-15,178,143,210
2023-09-16,177,142,208
2023-09-17,167,132,196
2023-09-18,180,146,208
2023-09-19,173,139,201
2023-09-20,179,145,207
2023-09-21,182,148,210
2023-09-22,183,148,212
2023-09-23,167,132,197
2023-09-24,180,145,212
2023-09-25,167,131,201
2023-09-26,160,123,196
2023-09-27,159,121,197
2023-09-28,153,114,193
2023-09-29,158,118,199
2023-09-30,140,100,184
2023-10-01,141,100,186
2023-10-02,154,112,200
2023-10-03,141,100,189
2023-10-04,151,109,199
2023-10-05,137,95,185
2023-10-06,131,90,179
2023-10-07,141,100,188
2023-10-08,144,103,189
2023-10-09,146,106,190
2023-10-10,154,114,196
2023-10-11,150,111,190
2023-10-12,162,124,200
2023-10-13,172,135,208
2023-10-14,168,131,202
2023-10-15,176,140,208
2023-10-16,169,134,200
2023-10-17,181,146,211
2023-10-18,179,145,208
2023-10-19,184,150,212
2023-10-20,175,141,203
2023-10-21,181,147,210
2023-10-22,177,142,206
2023-10-23,179,143,210
2023-10-24,170,134,202
2023-10-25,170,133,204
2023-10-26,167,130,204
2023-10-27,170,132,209
2023-10-28,153,114,193
2023-10-29,155,115,198
2023-10-30,148,108,192
2023-10-31,147,106,193
2023-11-01,148,106,195
2023-11-02,140,98,188
2023-11-03,143,100,191
2023-11-04,154,111,202
2023-11-05,135,93,183
2023-11-06,147,105,194
2023-11-07,158,117,204
2023-11-08,148,107,192
2023-11-09,162,122,204
2023-11-10,161,122,202
2023-11-11,164,125,202
2023-11-12,175,137,211
2023-11-13,173,137,208
2023-11-14,182,146,215
2023-11-15,175,140,206
2023-11-16,186,151,216
2023-11-17,181,147,211
2023-11-18,183,149,212
2023-11-19,189,155,218
2023-11-20,181,146,210
2023-11-21,183,148,213
2023-11-22,181,146,212
2023-11-23,177,140,209
2023-11-24,175,138,210
2023-11-25,171,133,207
2023-11-26,165,126,203
2023-11-27,160,121,201
2023-11-28,158,117,200
2023-11-29,158,117,202
2023-11-30,151,109,197
2023-12-01,143,101,191
2023-12-02,148,106,197
2023-12-03,137,95,186
2023-12-04,146,103,194
2023-12-05,144,101,192
2023-12-06,144,102,191
2023-12-07,139,97,185
2023-12-08,153,112,197
2023-12-09,161,121,204
2023-12-10,153,113,194
2023-12-11,159,120,198
2023-12-12,169,131,206
2023-12-13,170,133,205
2023-12-14,170,134,203
2023-12-15,182,146,214
2023-12-16,181,145,211
2023-12-17,185,150,215
2023-12-18,187,152,216
2023-12-19,187,152,216
2023-12-20,175,139,204
2023-12-21,182,147,213
2023-12-22,181,145,213
2023-12-23,171,134,204
2023-12-24,176,138,211
2023-12-25,166,128,203
2023-12-26,165,126,204
2023-12-27,169,129,210
2023-12-28,158,117,201
2023-12-29,153,112,198
2023-12-30,149,107,196
2023-12-31,152,110,200
2024-01-01,149,106,198
2024-01-02,141,98,190
2024-01-03,147,104,196
2024-01-04,148,105,196
2024-01-05,159,116,207
2024-01-06,149,107,196
2024-01-07,155,113,200
2024-01-08,147,106,190
2024-01-09,161,121,203
2024-01-10,172,132,211
2024-01-11,166,128,203
2024-01-12,183,145,218
2024-01-13,179,142,212
2024-01-14,193,157,225
2024-01-15,182,146,213
2024-01-16,176,141,206
2024-01-17,185,149,214
2024-01-18,189,154,219
2024-01-19,189,153,218
2024-01-20,179,144,210
2024-01-21,171,135,203
2024-01-22,182,145,216
2024-01-23,175,137,210
2024-01-24,167,128,204
2024-01-25,174,135,214
2024-01-26,174,134,216
2024-01-27,158,116,201
2024-01-28,145,104,191
2024-01-29,156,113,203
2024-01-30,146,103,194
2024-01-31,157,114,206
2024-02-01,141,97,190
2024-02-02,147,103,196
2024-02-03,155,111,204
2024-02-04,153,110,201
2024-02-05,153,111,200
2024-02-06,150,108,196
2024-02-07,161,120,205
2024-02-08,156,115,197
2024-02-09,169,129,209
2024-02-10,175,136,212
2024-02-11,178,140,214
2024-02-12,185,147,218
2024-02-13,180,143,212
2024-02-14,188,152,219
2024-02-15,179,143,209
2024-02-16,188,152,217
2024-02-17,191,155,220
2024-02-18,183,147,214
2024-02-19,185,148,216
2024-02-20,176,140,209
2024-02-21,179,142,213
2024-02-22,174,136,210
2024-02-23,178,139,215
2024-02-24,171,131,211
2024-02-25,170,129,212
2024-02-26,164,123,208
2024-02-27,153,111,199
2024-02-28,153,110,200
2024-02-29,159,116,207
2024-03-01,162,118,211
2024-03-02,148,104,198
2024-03-03,159,115,209
2024-03-04,149,105,198
2024-03-05,154,111,203
2024-03-06,162,119,210
2024-03-07,161,119,207
2024-03-08,157,115,201
2024-03-09,165,125,208
2024-03-10,170,130,210
2024-03-11,178,139,216
2024-03-12,187,149,223
2024-03-13,186,148,220
2024-03-14,189,152,222
2024-03-15,196,159,227
2024-03-16,188,152,219
2024-03-17,194,157,224
2024-03-18,188,152,218
2024-03-19,189,152,219
2024-03-20,195,158,227
2024-03-21,190,153,223
2024-03-22,188,150,222
2024-03-23,174,136,210
2024-03-24,171,132,209
2024-03-25,172,132,212
2024-03-26,163,122,206
2024-03-27,165,123,209
2024-03-28,151,109,198
2024-03-29,162,118,209
2024-03-30,148,104,197
2024-03-31,148,103,197
2024-04-01,159,115,210
2024-04-02,143,98,193
2024-04-03,154,110,204
2024-04-04,160,116,209
2024-04-05,148,105,196
2024-04-06,165,123,212
2024-04-07,164,122,208
2024-04-08,159,117,201
2024-04-09,175,134,215
2024-04-10,178,139,217
2024-04-11,181,142,217
2024-04-12,181,143,216
2024-04-13,188,151,221
2024-04-14,195,158,227
2024-04-15,193,156,224
2024-04-16,191,154,222
2024-04-17,186,150,217
2024-04-18,197,160,228
2024-04-19,193,156,225
2024-04-20,184,147,217
2024-04-21,186,148,220
2024-04-22,178,139,214
2024-04-23,178,138,217
2024-04-24,174,134,215
2024-04-25,166,125,209
2024-04-26,168,126,213
2024-04-27,156,113,203
2024-04-28,161,118,209
2024-04-29,166,121,215
2024-04-30,156,111,206
2024-05-01,162,117,213
2024-05-02,152,107,203
2024-05-03,163,119,214
2024-05-04,149,104,198
2024-05-05,162,119,210
2024-05-06,157,114,204
2024-05-07,159,117,204
2024-05-08,168,127,211
2024-05-09,168,128,209
2024-05-10,176,136,215
2024-05-11,180,141,217
2024-05-12,183,145,218
2024-05-13,191,153,224
2024-05-14,200,163,232
2024-05-15,199,162,231
2024-05-16,196,159,227
2024-05-17,188,151,219
2024-05-18,199,162,230
2024-05-19,194,156,226
2024-05-20,191,153,225
2024-05-21,191,152,226
2024-05-22,182,143,219
2024-05-23,179,139,218
2024-05-24,175,134,216
2024-05-25,163,121,206
2024-05-26,173,130,218
2024-05-27,175,132,222
2024-05-28,166,122,215
2024-05-29,161,117,211
2024-05-30,164,119,215
2024-05-31,159,114,210
2024-06-01,162,117,213
2024-06-02,160,115,211
2024-06-03,162,118,212
2024-06-04,160,115,208
2024-06-05,164,121,211
2024-06-06,167,124,212
2024-06-07,164,122,207
2024-06-08,176,134,217
2024-06-09,185,144,224
2024-06-10,180,140,217
2024-06-11,185,146,221
2024-06-12,189,151,223
2024-06-13,195,158,228
2024-06-14,203,166,235
2024-06-15,194,156,225
2024-06-16,199,162,231
2024-06-17,194,157,226
2024-06-18,184,147,217
2024-06-19,188,149,222
2024-06-20,195,156,231
2024-06-21,185,145,223
2024-06-22,174,134,214
2024-06-23,185,143,226
2024-06-24,179,137,223
2024-06-25,169,126,214
2024-06-26,173,129,220
2024-06-27,162,118,211
2024-06-28,159,115,210
2024-06-29,158,112,209
2024-06-30,167,122,219
2024-07-01,160,115,212
2024-07-02,155,110,206
2024-07-03,165,120,215
2024-07-04,168,123,217
2024-07-05,160,116,207
2024-07-06,167,124,213
2024-07-07,172,129,215
2024-07-08,185,144,227
2024-07-09,179,138,219
2024-07-10,188,148,226
2024-07-11,187,148,223
2024-07-12,203,164,237
2024-07-13,198,160,231
2024-07-14,199,161,231
2024-07-15,202,165,234
2024-07-16,200,163,232
2024-07-17,194,156,226
2024-07-18,199,161,232
2024-07-19,190,152,225
2024-07-20,197,158,233
2024-07-21,183,143,221
2024-07-22,179,138,218
2024-07-23,182,140,224
2024-07-24,171,129,215
2024-07-25,161,118,207
2024-07-26,160,116,208
2024-07-27,165,120,215
2024-07-28,157,112,207
2024-07-29,154,108,205
2024-07-30,165,119,217
2024-07-31,158,112,210
2024-08-01,153,108,205
2024-08-02,166,121,217
2024-08-03,162,117,211
2024-08-04,166,121,214
2024-08-05,173,129,219
2024-08-06,176,134,220
2024-08-07,181,139,223
2024-08-08,178,137,218
2024-08-09,188,148,226
2024-08-10,188,148,224
2024-08-11,200,161,235
2024-08-12,198,159,231
2024-08-13,201,163,234
2024-08-14,190,152,222
2024-08-15,202,164,234
2024-08-16,209,170,241
2024-08-17,195,157,229
2024-08-18,203,164,238
2024-08-19,193,153,229
2024-08-20,189,148,227
2024-08-21,182,140,222
2024-08-22,177,135,220
2024-08-23,178,135,222
2024-08-24,177,134,224
2024-08-25,166,122,215
2024-08-26,169,123,218
2024-08-27,161,115,212
2024-08-28,161,115,213
2024-08-29,156,110,209
2024-08-30,153,107,205
2024-08-31,163,117,215
2024-09-01,167,121,218
2024-09-02,170,125,220
2024-09-03,172,127,220
2024-09-04,166,122,213
2024-09-05,172,129,216
2024-09-06,185,143,228
2024-09-07,198,156,238
2024-09-08,204,163,242
2024-09-09,192,152,229
2024-09-10,193,153,228
2024-09-11,200,161,234
2024-09-12,198,160,231
2024-09-13,199,161,232
2024-09-14,211,173,244
2024-09-15,195,156,228
2024-09-16,194,155,228
2024-09-17,202,162,237
2024-09-18,196,156,233
2024-09-19,180,139,219
2024-09-20,189,148,230
2024-09-21,176,133,219
2024-09-22,176,133,221
2024-09-23,172,128,219
2024-09-24,166,121,214
2024-09-25,164,118,214
2024-09-26,174,128,226
2024-09-27,167,120,219
2024-09-28,165,118,218
2024-09-29,157,110,209
2024-09-30,156,110,209
2024-10-01,174,128,225
2024-10-02,166,120,216
2024-10-03,165,120,214
2024-10-04,171,126,217
2024-10-05,180,137,225
2024-10-06,187,144,230
2024-10-07,194,152,234
2024-10-08,193,152,232
2024-10-09,198,157,235
2024-10-10,199,159,234
2024-10-11,200,160,234
2024-10-12,205,166,238
2024-10-13,208,169,241
2024-10-14,199,160,231
2024-10-15,214,175,247
2024-10-16,199,159,233
2024-10-17,190,150,225
2024-10-18,202,162,239
2024-10-19,203,162,242
2024-10-20,181,139,222
2024-10-21,178,135,221
2024-10-22,184,140,229
2024-10-23,188,144,235
2024-10-24,172,127,221
2024-10-25,173,127,224
2024-10-26,172,126,224
2024-10-27,167,120,220
2024-10-28,158,111,211
2024-10-29,168,121,221
2024-10-30,165,118,217
2024-10-31,168,121,219
2024-11-01,170,124,221
2024-11-02,177,131,226
2024-11-03,170,125,217
2024-11-04,186,142,231
2024-11-05,185,141,228
2024-11-06,185,143,226
2024-11-07,193,152,232
2024-11-08,201,161,239
2024-11-09,199,159,235
2024-11-10,199,160,234
2024-11-11,205,165,238
2024-11-12,199,160,233
2024-11-13,209,170,242
2024-11-14,206,167,240
2024-11-15,210,170,244
2024-11-16,197,157,233
2024-11-17,204,163,241
2024-11-18,202,160,241
2024-11-19,192,150,233
2024-11-20,189,146,232
2024-11-21,177,133,223
2024-11-22,174,129,221
2024-11-23,172,126,221
2024-11-24,174,128,225
2024-11-25,172,125,224
2024-11-26,173,126,226
2024-11-27,172,124,225
2024-11-28,166,119,219
2024-11-29,175,127,228
2024-11-30,184,137,236
2024-12-01,175,128,226
2024-12-02,176,130,225
2024-12-03,175,130,223
2024-12-04,187,142,232
2024-12-05,188,145,232
2024-12-06,197,155,239
2024-12-07,196,154,236
2024-12-08,206,165,244
2024-12-09,204,163,240
2024-12-10,208,168,243
2024-12-11,204,165,239
2024-12-12,208,168,241
2024-12-13,205,165,239
2024-12-14,216,176,250
2024-12-15,212,171,247
2024-12-16,205,164,241
2024-12-17,200,158,237
2024-12-18,188,146,228
2024-12-19,187,144,229
2024-12-20,186,142,230
2024-12-21,190,145,236
2024-12-22,177,132,225
2024-12-23,181,135,230
2024-12-24,178,131,230
2024-12-25,175,128,227
2024-12-26,167,120,221
2024-12-27,168,120,222
2024-12-28,172,124,226
2024-12-29,167,120,221
2024-12-30,174,127,227
2024-12-31,163,116,215
2025-01-01,175,129,225
2025-01-02,179,134,227
2025-01-03,191,147,237
2025-01-04,185,141,229
2025-01-05,192,149,234
2025-01-06,198,155,238
2025-01-07,204,162,242
2025-01-08,203,162,240
2025-01-09,204,163,239
2025-01-10,215,175,250
2025-01-11,210,170,244
2025-01-12,217,177,251
2025-01-13,203,163,238
2025-01-14,216,175,251
2025-01-15,196,155,232
2025-01-16,196,155,235
2025-01-17,193,151,233
2025-01-18,196,152,238
2025-01-19,191,147,235
2025-01-20,190,145,236
2025-01-21,181,135,229
2025-01-22,175,128,225
2025-01-23,178,131,230
2025-01-24,172,124,225
2025-01-25,178,130,232
2025-01-26,168,120,222
2025-01-27,175,127,230
2025-01-28,169,121,223
2025-01-29,181,133,234
2025-01-30,183,136,235
2025-01-31,180,133,230
2025-02-01,193,147,241
2025-02-02,193,148,240
2025-02-03,197,152,241
2025-02-04,198,154,240
2025-02-05,202,159,242
2025-02-06,211,169,249
2025-02-07,203,162,240
2025-02-08,216,175,252
2025-02-09,216,176,251
2025-02-10,218,178,253
2025-02-11,225,184,260
2025-02-12,208,168,243
2025-02-13,208,167,244
2025-02-14,210,168,247
2025-02-15,202,160,241
2025-02-16,190,147,231
2025-02-17,201,157,244
2025-02-18,201,156,245
2025-02-19,189,144,236
2025-02-20,179,133,228
2025-02-21,184,137,234
2025-02-22,186,139,238
2025-02-23,183,135,236
2025-02-24,179,131,233
2025-02-25,176,128,231
2025-02-26,177,128,231
2025-02-27,181,133,236
2025-02-28,179,131,233
2025-03-01,178,130,230
2025-03-02,184,137,235
2025-03-03,195,149,244
2025-03-04,195,149,242
2025-03-05,188,144,233
2025-03-06,200,156,243
2025-03-07,196,153,237
2025-03-08,205,162,244
2025-03-09,211,169,248
2025-03-10,214,172,250
2025-03-11,218,177,254
2025-03-12,199,158,233
2025-03-13,220,179,255
2025-03-14,213,172,249
2025-03-15,215,174,252
2025-03-16,216,174,253
2025-03-17,200,158,239
2025-03-18,198,155,239
2025-03-19,195,151,238
2025-03-20,198,153,243
2025-03-21,198,152,245
2025-03-22,188,142,237
2025-03-23,181,134,232
2025-03-24,175,127,228
2025-03-25,180,132,234
2025-03-26,180,131,234
2025-03-27,167,118,222
2025-03-28,176,127,231
2025-03-29,177,128,232
2025-03-30,181,132,234
2025-03-31,183,135,236
2025-04-01,188,140,239
2025-04-02,189,142,238
2025-04-03,197,151,244
2025-04-04,199,153,244
2025-04-05,191,147,234
2025-04-06,197,154,239
2025-04-07,206,163,245
2025-04-08,211,169,249
2025-04-09,219,178,256
2025-04-10,201,160,237
2025-04-11,222,181,257
2025-04-12,219,177,254
2025-04-13,208,167,244
2025-04-14,208,167,245
2025-04-15,211,169,249
2025-04-16,205,162,244
2025-04-17,213,170,255
2025-04-18,183,138,226
2025-04-19,195,150,240
2025-04-20,189,142,236
2025-04-21,185,138,234
2025-04-22,183,135,234
2025-04-23,187,139,240
2025-04-24,186,137,240
2025-04-25,187,138,242
2025-04-26,173,124,229
2025-04-27,179,130,234
2025-04-28,186,137,241
2025-04-29,181,132,235
2025-04-30,173,125,226
2025-05-01,193,145,244
2025-05-02,183,136,233
2025-05-03,189,143,237
2025-05-04,200,155,246
2025-05-05,203,159,247
2025-05-06,198,154,240
2025-05-07,213,170,253
2025-05-08,216,173,254
2025-05-09,211,169,248
2025-05-10,211,169,247
2025-05-11,220,178,255
2025-05-12,217,175,252
2025-05-13,212,170,248
2025-05-14,217,174,254
2025-05-15,211,169,250
2025-05-16,214,171,254
2025-05-17,208,164,250
2025-05-18,202,157,245
2025-05-19,190,144,236
2025-05-20,197,151,245
2025-05-21,189,141,238
2025-05-22,191,143,243
2025-05-23,178,129,231
2025-05-24,182,133,237
2025-05-25,182,133,238
2025-05-26,177,128,233
2025-05-27,182,133,238
2025-05-28,184,134,239
2025-05-29,180,130,234
2025-05-30,175,127,229
2025-05-31,189,141,241
2025-06-01,198,150,248
2025-06-02,196,149,244
2025-06-03,198,152,244
2025-06-04,203,158,247
2025-06-05,206,161,248
2025-06-06,205,161,245
2025-06-07,213,170,252
2025-06-08,216,174,253
2025-06-09,214,172,250
2025-06-10,220,178,256
2025-06-11,224,182,260
2025-06-12,228,186,265
2025-06-13,224,181,261
2025-06-14,205,162,244
2025-06-15,209,165,249
2025-06-16,206,162,248
2025-06-17,213,168,257
2025-06-18,193,147,239
2025-06-19,200,153,248
2025-06-20,187,140,238
2025-06-21,188,139,240
2025-06-22,186,137,239
2025-06-23,187,138,242
2025-06-24,184,134,240
2025-06-25,183,133,239
2025-06-26,175,125,232
2025-06-27,185,135,241
2025-06-28,187,137,242
2025-06-29,183,134,237
2025-06-30,198,149,250
2025-07-01,192,144,242
2025-07-02,191,144,239
2025-07-03,199,153,246
2025-07-04,204,159,249
2025-07-05,206,161,248
2025-07-06,208,164,248
2025-07-07,224,181,263
2025-07-08,225,182,263
2025-07-09,224,181,260
2025-07-10,227,184,263
2025-07-11,217,174,253
2025-07-12,221,178,258
2025-07-13,217,174,255
2025-07-14,218,174,257
2025-07-15,218,174,258
2025-07-16,199,154,242
2025-07-17,212,166,256
2025-07-18,205,159,252
2025-07-19,193,146,242
2025-07-20,193,145,243
2025-07-21,194,145,246
2025-07-22,185,135,239
2025-07-23,185,135,240
2025-07-24,182,131,238
2025-07-25,187,136,244
2025-07-26,181,131,238
2025-07-27,180,130,237
2025-07-28,186,136,241
2025-07-29,191,141,245
2025-07-30,186,137,239
2025-07-31,191,143,242
2025-08-01,208,160,256
2025-08-02,201,155,248
2025-08-03,197,151,242
2025-08-04,210,165,252
2025-08-05,210,166,251
2025-08-06,224,180,263
2025-08-07,227,183,265
2025-08-08,222,179,259
2025-08-09,213,171,250
2025-08-10,220,177,257
2025-08-11,219,176,257
2025-08-12,230,186,268
2025-08-13,214,170,254
2025-08-14,215,171,256
2025-08-15,205,160,248
2025-08-16,206,160,251
2025-08-17,218,171,265
2025-08-18,201,153,250
2025-08-19,210,161,261
2025-08-20,191,142,244
2025-08-21,190,140,245
2025-08-22,187,136,243
2025-08-23,194,143,250
2025-08-24,183,132,240
2025-08-25,180,129,237
2025-08-26,185,135,242
2025-08-27,185,135,241
2025-08-28,189,139,244
2025-08-29,197,148,250
2025-08-30,199,150,250
2025-08-31,202,154,251
2025-09-01,207,159,254
2025-09-02,196,150,241
2025-09-03,209,164,252
2025-09-04,211,167,253
2025-09-05,219,175,259
2025-09-06,223,180,262
2025-09-07,223,180,261
2025-09-08,225,182,262
2025-09-09,226,183,264
2025-09-10,227,183,265
2025-09-11,224,180,263
2025-09-12,228,184,268
2025-09-13,208,164,250
2025-09-14,213,167,256
2025-09-15,212,165,257
2025-09-16,209,162,257
2025-09-17,209,160,258
2025-09-18,201,152,252
2025-09-19,189,139,242
2025-09-20,194,143,249
2025-09-21,188,137,244
2025-09-22,188,137,245
2025-09-23,194,143,252
2025-09-24,189,138,247
2025-09-25,198,147,255
2025-09-26,193,142,249
2025-09-27,201,150,256
2025-09-28,197,148,251
2025-09-29,210,161,261
2025-09-30,206,157,255
2025-10-01,206,158,253
2025-10-02,212,166,258
2025-10-03,212,166,255
2025-10-04,219,173,260
2025-10-05,224,179,264
2025-10-06,233,189,272
2025-10-07,237,193,275
2025-10-08,238,194,276
2025-10-09,226,182,264
2025-10-10,227,184,266
2025-10-11,227,183,266
2025-10-12,227,183,267
2025-10-13,221,176,263
2025-10-14,215,169,259
2025-10-15,210,163,255
2025-10-16,207,159,254
2025-10-17,211,162,261
2025-10-18,194,145,246
2025-10-19,206,156,259
2025-10-20,188,138,244
2025-10-21,178,127,235
2025-10-22,200,149,258
2025-10-23,186,134,244
2025-10-24,181,129,239
2025-10-25,186,134,243
2025-10-26,190,139,247
2025-10-27,192,141,247
2025-10-28,197,146,250
2025-10-29,196,146,248
2025-10-30,206,157,256
2025-10-31,210,162,258
2025-11-01,216,169,261
2025-11-02,212,166,256
2025-11-03,218,172,260
2025-11-04,223,178,264
2025-11-05,223,179,263
2025-11-06,224,179,262
2025-11-07,219,175,257
2025-11-08,232,188,270
2025-11-09,227,183,265
2025-11-10,226,181,265
2025-11-11,230,185,271
2025-11-12,231,185,273
2025-11-13,216,170,260
2025-11-14,219,172,265
2025-11-15,206,158,254
2025-11-16,207,158,257
2025-11-17,197,147,249
2025-11-18,205,154,259
2025-11-19,203,152,259
2025-11-20,187,135,244
2025-11-21,199,147,257
2025-11-22,189,137,247
2025-11-23,187,135,245
2025-11-24,195,143,252
2025-11-25,197,146,254
2025-11-26,195,144,251
2025-11-27,199,149,254
2025-11-28,215,165,267
2025-11-29,211,161,261
2025-11-30,197,148,245
2025-12-01,222,174,268
2025-12-02,220,173,264
2025-12-03,232,186,274
2025-12-04,220,174,261
2025-12-05,226,181,266
2025-12-06,230,186,269
2025-12-07,227,182,265
2025-12-08,238,194,277
2025-12-09,238,193,277
2025-12-10,230,185,270
2025-12-11,231,185,272
2025-12-12,223,177,265
2025-12-13,218,171,263
2025-12-14,221,173,267
2025-12-15,216,167,264
2025-12-16,209,160,259
2025-12-17,203,152,255
2025-12-18,196,145,250
2025-12-19,196,144,252
2025-12-20,193,141,250
2025-12-21,190,138,249
2025-12-22,200,147,258
2025-12-23,207,154,265
2025-12-24,193,141,251
2025-12-25,205,153,262
2025-12-26,194,142,250
2025-12-27,196,145,251
2025-12-28,208,158,261
2025-12-29,212,163,263
2025-12-30,218,169,266
2025-12-31,214,166,261
2026-01-01,220,173,265
2026-01-02,222,175,265
2026-01-03,230,184,271
2026-01-04,225,179,265
2026-01-05,229,184,268
2026-01-06,229,184,268
2026-01-07,241,196,280
2026-01-08,233,188,272
2026-01-09,232,186,272
2026-01-10,223,177,264
2026-01-11,228,182,271
2026-01-12,219,172,264
2026-01-13,223,175,270
2026-01-14,215,166,264
2026-01-15,204,154,255
2026-01-16,216,165,269
2026-01-17,211,160,266
2026-01-18,205,153,262
2026-01-19,200,147,257
2026-01-20,195,142,254
2026-01-21,186,133,245
2026-01-22,195,143,254
2026-01-23,195,143,254
2026-01-24,198,145,255
2026-01-25,199,147,255
2026-01-26,206,155,261
2026-01-27,199,148,252
2026-01-28,205,155,256
2026-01-29,213,164,262
2026-01-30,226,178,273
2026-01-31,225,178,270
2026-02-01,231,184,274
2026-02-02,234,188,275
2026-02-03,225,179,265
2026-02-04,232,187,272
2026-02-05,228,183,267
2026-02-06,238,192,277
2026-02-07,243,197,282
2026-02-08,241,196,282
2026-02-09,229,182,270
2026-02-10,228,181,272
2026-02-11,224,177,270
2026-02-12,223,175,271
2026-02-13,214,164,263
2026-02-14,215,165,266
2026-02-15,208,157,261
2026-02-16,203,152,259
2026-02-17,203,151,260
2026-02-18,194,142,252
2026-02-19,203,150,262
2026-02-20,198,145,258
2026-02-21,197,144,257
2026-02-22,192,138,250
2026-02-23,202,149,260
2026-02-24,200,148,257
2026-02-25,202,151,258
2026-02-26,206,155,259
2026-02-27,214,163,265
2026-02-28,219,169,268
2026-03-01,216,167,263
2026-03-02,228,180,273
2026-03-03,230,183,273
2026-03-04,225,178,267
2026-03-05,243,197,284
2026-03-06,237,191,277
2026-03-07,243,197,282
2026-03-08,246,201,286
2026-03-09,236,191,276
2026-03-10,237,191,278
2026-03-11,238,191,280
2026-03-12,229,181,272
2026-03-13,225,177,271
2026-03-14,225,177,273
2026-03-15,216,166,266
2026-03-16,209,159,261
2026-03-17,206,155,260
2026-03-18,210,158,266
2026-03-19,208,155,265
2026-03-20,196,142,254
2026-03-21,196,142,255
2026-03-22,194,140,254
2026-03-23,195,141,254
2026-03-24,204,151,264
2026-03-25,198,145,257
2026-03-26,207,154,264
2026-03-27,207,155,263
2026-03-28,218,167,272
2026-03-29,216,166,268
2026-03-30,221,171,271
2026-03-31,225,176,273
2026-04-01,229,181,275
2026-04-02,227,180,271
2026-04-03,240,193,282
2026-04-04,235,189,276
2026-04-05,236,190,276
2026-04-06,230,184,270
2026-04-07,242,196,282
2026-04-08,234,188,275
2026-04-09,228,181,269
